{
  "HTTP Request-1" : {
    "transaction" : "HTTP Request-1",
    "sampleCount" : 159,
    "errorCount" : 0,
    "errorPct" : 0.0,
    "meanResTime" : 4340.477987421386,
    "medianResTime" : 4179.0,
    "minResTime" : 414.0,
    "maxResTime" : 11161.0,
    "pct1ResTime" : 7030.0,
    "pct2ResTime" : 7680.0,
    "pct3ResTime" : 11027.2,
    "throughput" : 0.8509044204217061,
    "receivedKBytesPerSec" : 89.52169760281761,
    "sentKBytesPerSec" : 0.09556055502782831
  },
  "Total" : {
    "transaction" : "Total",
    "sampleCount" : 478,
    "errorCount" : 1,
    "errorPct" : 0.20920502,
    "meanResTime" : 3939.558577405856,
    "medianResTime" : 3265.5,
    "minResTime" : 93.0,
    "maxResTime" : 187322.0,
    "pct1ResTime" : 6801.6,
    "pct2ResTime" : 7649.3499999999985,
    "pct3ResTime" : 11238.699999999997,
    "throughput" : 2.5262401302229223,
    "receivedKBytesPerSec" : 181.26948129003404,
    "sentKBytesPerSec" : 0.37912801444396294
  },
  "HTTP Request-0" : {
    "transaction" : "HTTP Request-0",
    "sampleCount" : 159,
    "errorCount" : 0,
    "errorPct" : 0.0,
    "meanResTime" : 991.7295597484278,
    "medianResTime" : 503.0,
    "minResTime" : 93.0,
    "maxResTime" : 5115.0,
    "pct1ResTime" : 2349.0,
    "pct2ResTime" : 3115.0,
    "pct3ResTime" : 5091.0,
    "throughput" : 0.8433268448437723,
    "receivedKBytesPerSec" : 2.225547706641597,
    "sentKBytesPerSec" : 0.0955331191424586
  },
  "HTTP Request" : {
    "transaction" : "HTTP Request",
    "sampleCount" : 160,
    "errorCount" : 1,
    "errorPct" : 0.625,
    "meanResTime" : 6470.550000000003,
    "medianResTime" : 5245.5,
    "minResTime" : 819.0,
    "maxResTime" : 187322.0,
    "pct1ResTime" : 7570.100000000001,
    "pct2ResTime" : 9483.349999999999,
    "pct3ResTime" : 81720.01999999763,
    "throughput" : 0.8456033908695975,
    "receivedKBytesPerSec" : 90.64390943422526,
    "sentKBytesPerSec" : 0.18956400722198147
  }
}